"id","first_name","last_name","age","puntaje"
"1","Brandon","Shanahan","46","91"
"2","Thelma","Lakin-Collier","29","87"
"3","Alton","Toy","58","61"
"4","Lorena","Bernhard","50","19"
"5","Wendy","Gislason","15","7"
"6","Rosemarie","Daugherty","54","38"
"7","Julia","Parker","54","60"
"8","Roberta","King","43","21"
"9","Kristina","Torp","23","98"
"10","Alicia","Braun","27","9"
"11","Kendra","Crona","48","88"
"12","Louise","Herzog","51","54"
"13","Kari","Mosciski","57","79"
"14","Devin","Leannon","38","49"
"15","Shane","Johnston","51","72"
"16","Flora","Barrows","38","100"
"17","Kristen","Sanford","46","54"
"18","Erica","Dietrich","17","85"
"19","Dixie","Waelchi","41","43"
"20","Irma","Hessel","53","93"
"21","Lorene","Mante","48","58"
"22","Rolando","Pagac","56","19"
"23","Leroy","Collier","54","90"
"24","Karla","O'Hara","53","81"
"25","Agnes","Green-Dare","41","26"
"26","Sean","Boehm","37","89"
"27","Tracey","Mante","18","25"
"28","Regina","West","60","13"
"29","Virginia","Herman","51","82"
"30","Preston","Effertz","57","88"
"31","Christine","Mueller","60","24"
"32","Pete","Rice","58","30"
"33","Eunice","Jacobson","19","82"
"34","Tonya","Abernathy","24","4"
"35","Angie","Heidenreich","45","39"
"36","Shannon","Baumbach","46","67"
"37","Eleanor","Mohr","49","16"
"38","Ismael","Bashirian","33","80"
"39","Sheldon","Ritchie","36","27"
"40","Morris","Kub","49","76"
"41","Tina","Daugherty","55","38"
"42","Lynette","Herman","27","19"
"43","Guy","Corwin","53","69"
"44","Eduardo","Hintz","59","79"
"45","Erick","Yost","16","25"
"46","Samuel","Gibson-Bruen","52","77"
"47","Ruben","Bernhard","50","21"
"48","Emilio","O'Reilly","32","38"
"49","Roger","Langosh","27","14"
"50","Leona","Lehner","55","64"
"51","Clifton","Durgan","28","40"
"52","Maryann","Sauer","58","79"
"53","Robin","Mayer","17","39"
"54","Yolanda","Leffler","48","17"
"55","Gwendolyn","Hagenes","15","48"
"56","Ramiro","Mann","34","39"
"57","Faith","Gleichner","46","33"
"58","Norman","Weber","55","56"
"59","Hope","Kirlin","43","39"
"60","Frederick","Tremblay","27","3"
"61","Evelyn","Treutel","31","46"
"62","Felipe","Lebsack","59","67"
"63","Ella","Watsica","17","56"
"64","Viola","Beier","26","31"
"65","Carmen","Fadel","24","18"
"66","Ramona","Nicolas-Jacobs","27","93"
"67","Terrence","Hilpert","53","20"
"68","Dana","Howe","32","25"
"69","Merle","Zboncak","35","71"
"70","Marion","Kerluke","22","11"
"71","Melody","Morissette","38","52"
"72","Latoya","VonRueden","47","52"
"73","Elsa","Moen","34","2"
"74","Ella","Schulist","54","95"
"75","Randall","Paucek","22","59"
"76","Ora","Kunde","22","33"
"77","Clifford","Auer","57","93"
"78","Bessie","Buckridge","29","57"
"79","Peter","Cremin","35","79"
"80","Clyde","Koelpin","18","61"
"81","Denise","Stracke","38","79"
"82","Cecil","Leannon","34","45"
"83","Jana","Gottlieb","44","11"
"84","Velma","Lowe","30","76"
"85","Paulette","Lockman","54","70"
"86","Minnie","Swaniawski-Lubowitz","47","10"
"87","Trevor","Rosenbaum","41","59"
"88","Thomas","Towne","47","54"
"89","Salvador","Vandervort","36","18"
"90","Gordon","Barrows","15","15"
"91","Jermaine","Satterfield","44","21"
"92","Clayton","Murray","60","48"
"93","Vincent","Skiles","49","1"
"94","Omar","Kuhic","56","76"
"95","Ernestine","Gerlach","55","26"
"96","Martin","Wilkinson","49","29"
"97","Antoinette","Green","19","84"
"98","Cedric","Lesch","44","8"
"99","Tami","Williamson","26","30"
"100","Deanna","Hettinger","33","70"
"101","Marsha","Stamm","30","74"
"102","Alexander","Adams","20","48"
"103","Elena","Cremin","32","43"
"104","Marty","Raynor-Robel","25","85"
"105","Kyle","Rogahn","45","63"
"106","Lee","Medhurst-Johnston","49","4"
"107","Lynn","DuBuque-Russel","47","43"
"108","Tara","Feest","49","5"
"109","Terrance","Emard","46","90"
"110","Jamie","Oberbrunner","18","33"
"111","Brooke","Lesch","19","62"
"112","Abraham","Bins","58","4"
"113","Kim","Ullrich","34","77"
"114","Sophie","Stark","59","36"
"115","Lila","Veum-Leffler","56","56"
"116","Rafael","Towne","36","95"
"117","Eva","Swaniawski","57","36"
"118","Ivan","O'Reilly","39","40"
"119","Billie","Reilly","55","86"
"120","Ignacio","Turcotte","16","34"
"121","Terrance","Torp","16","46"
"122","Arlene","Mante","19","66"
"123","Darlene","Johnston-Bosco","45","53"
"124","Ira","Hauck","16","48"
"125","Jacqueline","Raynor","58","58"
"126","Sara","Koepp","48","17"
"127","Blake","Stehr","54","91"
"128","Jordan","Macejkovic","42","50"
"129","Isaac","Bartell","40","19"
"130","Leonard","Abbott","40","22"
"131","Roy","Franey","44","85"
"132","Stacey","Reinger","53","73"
"133","Miguel","Mante","24","55"
"134","Roy","Keeling","29","37"
"135","Cornelius","Blanda","58","67"
"136","Jeremy","Green","29","58"
"137","Traci","Runolfsson","58","42"
"138","Frances","Kris","25","53"
"139","Santiago","Marvin","59","26"
"140","Alexis","Crooks","51","57"
"141","Eula","Jones","44","25"
"142","Freddie","Lemke","26","21"
"143","Thelma","Gleason","49","100"
"144","Ruby","Mante","41","48"
"145","Brendan","Jacobi","49","99"
"146","Wendell","Renner","30","66"
"147","Juan","Reichel","28","6"
"148","Frederick","Hickle","44","21"
"149","Catherine","Rempel-Watsica","29","43"
"150","Mario","Mertz","59","86"
"151","Jackie","Daugherty","37","22"
"152","Pete","Koelpin","41","77"
"153","Guadalupe","Gutmann","33","67"
"154","Marianne","Medhurst","42","83"
"155","Warren","Larkin","49","62"
"156","Jeanne","Zboncak","24","59"
"157","Dewey","Weissnat","27","8"
"158","Carl","Johns","20","79"
"159","Alexis","Mann","49","2"
"160","Guillermo","Friesen","43","73"
"161","Aaron","Collier","43","33"
"162","Danny","Stamm","37","97"
"163","Vanessa","Dooley","15","53"
"164","Harriet","Gottlieb","15","48"
"165","Lorraine","Daniel","33","99"
"166","Florence","Runolfsdottir","33","1"
"167","Byron","Williamson","29","26"
"168","May","Metz","60","60"
"169","Emmett","Wyman","52","23"
"170","Carmen","Goldner","42","99"
"171","Herman","Wintheiser","57","43"
"172","Gayle","Legros","29","13"
"173","Carroll","Runte","36","80"
"174","Marlene","Bahringer","45","9"
"175","Daisy","Hackett","53","37"
"176","Josephine","Greenfelder","22","75"
"177","Kristin","Armstrong","15","7"
"178","Della","Stark","28","30"
"179","Lionel","Feeney","37","10"
"180","Carla","Batz","54","43"
"181","Derek","Grady","57","12"
"182","Annie","Veum","48","55"
"183","Cornelius","Predovic","51","17"
"184","Kimberly","Dietrich","54","14"
"185","Leon","Zemlak","35","46"
"186","Hattie","Davis","53","24"
"187","Virginia","Gusikowski","36","72"
"188","Earl","McCullough","36","15"
"189","Wendy","Corwin-Quitzon","39","8"
"190","Marilyn","Renner","28","1"
"191","Lance","Turner","42","25"
"192","Dewey","Bergstrom","37","10"
"193","Erik","Bayer","38","36"
"194","Felicia","Reichert","19","31"
"195","Viola","Kuphal","55","94"
"196","Audrey","Murazik","33","23"
"197","Shari","Kertzmann","48","80"
"198","Jaime","D'Amore","22","63"
"199","Nina","Boyer","44","63"
"200","Cathy","Adams","21","54"
"201","Naomi","Barrows","34","28"
"202","Elmer","Mueller","49","99"
"203","Josh","Ruecker","35","57"
"204","Ida","Sawayn","46","13"
"205","Clifford","Ankunding","22","85"
"206","Shari","West","38","9"
"207","Eileen","Grady","43","53"
"208","Tommie","Grady","56","28"
"209","Noah","Torphy","34","62"
"210","Garry","Kuhic","31","32"
"211","Jay","Kilback","18","27"
"212","Cecelia","Padberg","56","73"
"213","Moses","Harris","60","26"
"214","Earnest","Carroll","31","54"
"215","Maryann","Marvin","18","65"
"216","Billie","Crona","48","58"
"217","Myron","Greenfelder","39","54"
"218","Lori","Lueilwitz","37","18"
"219","Rex","Cormier","45","16"
"220","Benny","Kreiger","24","60"
"221","Marie","Wilkinson","31","19"
"222","Gabriel","Collier","43","51"
"223","Caroline","Balistreri","24","33"
"224","Thomas","Hauck-Herman","42","91"
"225","Jon","Hettinger","51","8"
"226","Arturo","Von","45","8"
"227","Eva","Shanahan","21","71"
"228","Ismael","Buckridge","51","26"
"229","Albert","Kshlerin","39","37"
"230","Guadalupe","Gutkowski","33","2"
"231","Stephen","Durgan","35","9"
"232","Troy","Schmitt","23","86"
"233","Lonnie","Kuhic","42","58"
"234","Irene","Klocko","37","48"
"235","Gene","Baumbach","51","56"
"236","Beulah","Ankunding","16","46"
"237","Debra","Walter","39","70"
"238","Guy","Fadel","60","100"
"239","Elisa","Ebert","17","32"
"240","Mildred","Kuphal","16","11"
"241","Jeremy","Wehner","59","32"
"242","Adrian","Klocko","48","79"
"243","Tony","Nienow","39","84"
"244","Justin","Heaney","41","12"
"245","Brandon","Koepp","52","60"
"246","Lorraine","Spencer","31","95"
"247","Mable","Spencer","55","44"
"248","Tricia","Hahn","31","7"
"249","Marlene","Beier","23","73"
"250","Isabel","Murray","20","39"
"251","Calvin","Kling","24","94"
"252","Van","Walter","57","55"
"253","Geneva","Turner","54","23"
"254","Carrie","Ryan","43","36"
"255","Emilio","Schneider","37","84"
"256","Ervin","Wilderman","25","84"
"257","Dexter","Douglas","33","54"
"258","Tyler","Marquardt","17","97"
"259","Meghan","Paucek","36","67"
"260","Wallace","Wilderman","15","79"
"261","Tracey","Konopelski","21","3"
"262","Horace","Kulas","21","38"
"263","Laurence","Ziemann","18","90"
"264","Bill","Harvey","16","5"
"265","Lydia","Swaniawski","21","71"
"266","Arthur","Lubowitz-Hayes","43","97"
"267","Miguel","Corwin","27","96"
"268","Georgia","Reichert","20","63"
"269","Herbert","Hyatt","55","1"
"270","Rene","D'Amore","55","90"
"271","June","Wilkinson","19","28"
"272","Marlene","Deckow","20","11"
"273","Patty","Little","16","89"
"274","Margaret","Kuhlman","26","91"
"275","Lawrence","Hauck","29","71"
"276","Robyn","Gislason","25","88"
"277","Jamie","Lindgren","34","48"
"278","Alejandro","Dicki","23","100"
"279","Yolanda","Shields","39","11"
"280","Joshua","Reynolds","37","10"
"281","Forrest","Runte","35","15"
"282","Shawna","Hackett","18","17"
"283","Mandy","Hand","53","94"
"284","Clint","Jones-Little","40","89"
"285","Glen","Zemlak","49","51"
"286","Maria","Bosco","47","61"
"287","Kim","Robel","40","62"
"288","Mildred","Nitzsche","20","99"
"289","Willard","Franey","31","12"
"290","Charles","Paucek","59","48"
"291","Jill","Hyatt","23","35"
"292","Austin","Pagac","27","88"
"293","Troy","Haag","43","65"
"294","Beverly","Kshlerin","26","33"
"295","Mattie","Robel","50","40"
"296","Lori","Mosciski","16","45"
"297","Everett","Paucek","19","93"
"298","Maryann","Beier","29","6"
"299","Christy","Huels","34","26"
"300","Howard","Brekke","18","83"
"301","Colleen","Schamberger","24","99"
"302","Alma","Ziemann","27","47"
"303","Mindy","Howell","32","9"
"304","Janis","Bayer","35","16"
"305","Leslie","Klocko","58","53"
"306","Bertha","Lockman","44","30"
"307","Jeremiah","Jenkins","57","39"
"308","Joanne","Bogisich","51","13"
"309","Morris","Smith","31","80"
"310","Cecelia","Cummings","38","82"
"311","Jacqueline","Upton","56","16"
"312","Courtney","Rau","22","85"
"313","May","Bednar","58","36"
"314","Rebecca","Metz","18","47"
"315","Yvette","Herman","28","39"
"316","Lucille","Gerhold","53","59"
"317","Ethel","Mosciski","25","62"
"318","Lynn","Lind","17","100"
"319","Mable","Hansen","32","53"
"320","Tonya","Jenkins","48","27"
"321","Clark","Conn","40","77"
"322","Mattie","Dare","42","90"
"323","Wallace","Goyette","41","2"
"324","Kristen","O'Conner","42","28"
"325","Leroy","Bernier","19","79"
"326","Benjamin","Gerlach","51","17"
"327","Vicki","O'Keefe-Tremblay","36","73"
"328","Aaron","Monahan","21","3"
"329","Kathleen","Sawayn","22","5"
"330","Colleen","Nikolaus","21","14"
"331","Victor","Littel","56","78"
"332","Maryann","Feeney","50","47"
"333","Arnold","Tremblay","41","16"
"334","Gerard","Dickens","57","41"
"335","Misty","Corwin","38","9"
"336","Alice","McLaughlin","23","46"
"337","Daisy","Parker","47","22"
"338","Marlene","Schultz","28","56"
"339","Roderick","Schinner","24","18"
"340","Fannie","Nolan","57","35"
"341","Ellis","O'Connell","59","50"
"342","Carole","Bayer","31","90"
"343","Enrique","Gibson","42","33"
"344","Paul","Kuhlman","57","61"
"345","Ruth","Lehner","27","59"
"346","Rachael","Yost","42","96"
"347","Lee","Gutmann-Gleason","38","34"
"348","Ginger","Grant","38","7"
"349","Camille","Reichel","27","67"
"350","Maureen","Little","18","55"
"351","Jill","Bode","47","39"
"352","Julia","Rutherford","34","28"
"353","Flora","Feeney","50","73"
"354","Antoinette","Kuhn","56","28"
"355","Freddie","Wiza","50","57"
"356","Clinton","Stark","28","95"
"357","Hubert","Strosin","24","41"
"358","Bert","Beatty","37","80"
"359","Jonathan","Spencer","48","63"
"360","Walter","Dibbert","21","54"
"361","Loren","Wolf","60","48"
"362","Jill","Harris","30","42"
"363","Anne","Sanford","16","8"
"364","Susie","Abbott","27","38"
"365","Clinton","Kling","53","50"
"366","Joseph","MacGyver","58","68"
"367","Grady","Feil","56","78"
"368","Boyd","Rempel","34","88"
"369","Guadalupe","Mitchell","53","39"
"370","Tina","O'Conner","40","34"
"371","Margaret","Lang","49","59"
"372","Felix","Kerluke","15","70"
"373","Bernadette","Bahringer","44","33"
"374","Ruby","Walter-Kshlerin","51","37"
"375","Elsa","Nienow","60","38"
"376","Lori","Erdman","45","55"
"377","Lynne","Pagac","24","75"
"378","Alexander","Windler","17","18"
"379","Velma","Sporer","54","21"
"380","Benjamin","McKenzie","29","74"
"381","Shelly","Considine","36","74"
"382","Vickie","McDermott","47","53"
"383","Shelia","Hamill","51","26"
"384","Doug","Will-Cormier","23","48"
"385","Lois","Ritchie","31","10"
"386","Naomi","Ziemann","15","51"
"387","Nettie","Abshire","41","85"
"388","Dianna","Kihn","43","61"
"389","Violet","McDermott","15","38"
"390","Ramiro","Ratke","29","92"
"391","Alfred","Stiedemann","49","80"
"392","Bessie","Runolfsson","57","60"
"393","Kellie","Wyman","37","56"
"394","Hope","Zboncak","17","35"
"395","Shaun","Schiller","50","40"
"396","Irma","O'Kon","35","93"
"397","Roger","Donnelly","15","99"
"398","Marvin","Jerde","44","86"
"399","Tamara","Stark","20","6"
"400","Eileen","Borer","41","51"
"401","Mary","Emard-Huels","56","92"
"402","Melanie","Pollich","22","54"
"403","Sean","Marquardt","48","66"
"404","Freddie","Becker","45","54"
"405","Franklin","Lehner","21","52"
"406","Carrie","Willms","16","36"
"407","Gretchen","Towne","60","96"
"408","Sonya","Miller","18","18"
"409","Victoria","Langosh","17","74"
"410","Betty","Rowe","35","48"
"411","Latoya","Simonis","29","51"
"412","Saul","Zieme","43","99"
"413","Esther","McGlynn","23","96"
"414","Felipe","Bernier","54","10"
"415","Franklin","Bogisich","53","1"
"416","Sheryl","Mraz","22","68"
"417","Lynn","McCullough","21","6"
"418","Pat","Rempel","26","97"
"419","Cory","Schiller","40","99"
"420","Jack","Donnelly","20","12"
"421","Carol","Rice","17","1"
"422","Felipe","Little","36","65"
"423","Lowell","Lynch","36","64"
"424","Roman","Pagac","54","91"
"425","Leon","Stokes","28","79"
"426","Patti","MacGyver","45","14"
"427","Zachary","Bartoletti","32","82"
"428","Nick","Murphy-Anderson","51","77"
"429","Leigh","Wehner-Carter","58","72"
"430","Sergio","Herzog","59","28"
"431","Rudolph","Keebler","25","86"
"432","Mercedes","Parker","30","77"
"433","Henrietta","Sauer","39","10"
"434","Katherine","Hane","38","65"
"435","Dianne","Lubowitz","34","84"
"436","Pam","Littel","56","90"
"437","Nichole","Beatty","35","47"
"438","Ana","Brakus","32","59"
"439","Morris","Farrell","37","45"
"440","Eva","Will","49","28"
"441","Lila","Daniel","51","91"
"442","Alexis","Volkman","32","57"
"443","Walter","Collins","39","94"
"444","Carlos","Reilly","43","78"
"445","Lynn","Bartell","54","5"
"446","Jessie","Reilly","42","57"
"447","Leah","Waelchi-DuBuque","48","30"
"448","Myron","Larkin","17","72"
"449","Herman","Bode","42","35"
"450","Kate","Quitzon","30","40"
"451","Rachel","Donnelly","44","54"
"452","Melba","Stracke","31","37"
"453","Jean","Zulauf","44","67"
"454","Marcella","Hansen","15","19"
"455","Bennie","Lehner-Sauer","26","39"
"456","Brett","Zemlak","27","55"
"457","Tara","Harvey","59","80"
"458","Timothy","Farrell","52","98"
"459","Mandy","Mayer","57","41"
"460","Paula","Runolfsson","23","19"
"461","Charlene","Ankunding","34","90"
"462","Ramona","Welch","40","73"
"463","Heidi","Jacobson","20","6"
"464","Gerardo","Hyatt","38","67"
"465","Boyd","Gleichner","32","99"
"466","Forrest","Koepp","44","57"
"467","Lonnie","VonRueden","19","22"
"468","Roderick","McLaughlin","15","20"
"469","Anita","McClure","17","61"
"470","Damon","Feil","58","85"
"471","Billy","Ruecker","53","96"
"472","Willie","Abshire","16","26"
"473","Elsa","Ritchie","28","70"
"474","Jessica","Raynor","49","90"
"475","Shawna","Homenick","16","9"
"476","Ruby","Streich","43","90"
"477","Connie","Tromp","19","64"
"478","Woodrow","Reilly","37","88"
"479","Lillian","Ziemann","24","9"
"480","Tommy","Davis","56","83"
"481","Terrence","Larkin","31","14"
"482","Jeremy","Greenfelder","23","41"
"483","Charles","Mante","39","37"
"484","Peter","Shanahan","16","56"
"485","Van","Fahey","34","80"
"486","Francis","Luettgen","39","47"
"487","Elena","Luettgen","20","33"
"488","Andres","O'Conner-Heaney","33","42"
"489","Sue","Friesen","45","31"
"490","Latoya","Schneider","25","1"
"491","Irving","Kuhlman","33","29"
"492","Margaret","Treutel","36","10"
"493","Hope","Murphy","33","78"
"494","Toby","Renner","26","80"
"495","Kathy","Heidenreich","60","37"
"496","Jeffrey","Herman","21","89"
"497","Justin","Satterfield","32","59"
"498","Ellen","Turcotte","45","37"
"499","Gregg","Collins","18","99"
"500","Patty","Brakus-Erdman","18","87"
"501","Erika","Shields","22","83"
"502","Essie","O'Conner","22","27"
"503","Rosemarie","Turcotte","34","48"
"504","Rita","Johnson","35","23"
"505","Henry","Prohaska","15","7"
"506","Margie","Kautzer","50","74"
"507","Eddie","Flatley","16","81"
"508","Laverne","Will","31","28"
"509","Woodrow","Cummings","23","77"
"510","Santiago","Stoltenberg","54","82"
"511","Julie","Runte","25","35"
"512","Jo","Streich","59","25"
"513","Mae","Kub","34","38"
"514","Josh","Johnson","57","1"
"515","James","Lang","17","69"
"516","Faye","Kuhn","53","6"
"517","Crystal","Satterfield","60","77"
"518","Ismael","Buckridge","40","26"
"519","Bryant","Gusikowski","50","89"
"520","Kelli","Kuhlman","40","87"
"521","Jimmy","Grant","33","47"
"522","Sandra","O'Kon","37","2"
"523","Jonathan","Beer","34","87"
"524","Sandra","Schoen","34","25"
"525","Alexandra","Hills","28","97"
"526","Whitney","Prosacco","38","86"
"527","Casey","Smith","29","26"
"528","Armando","Schmidt","56","43"
"529","Kristy","Mills","38","43"
"530","Miguel","Franey","26","44"
"531","Shane","Fisher","47","43"
"532","Marvin","Pacocha","60","14"
"533","Robert","Padberg","32","17"
"534","Maurice","Kulas","55","41"
"535","Juan","Nolan","52","52"
"536","Kristin","Ziemann","50","88"
"537","Boyd","Runolfsson","56","47"
"538","Gary","Little","42","50"
"539","Chad","Howe","59","15"
"540","Salvador","Aufderhar","59","24"
"541","Kelley","Tremblay","58","18"
"542","Jordan","Dicki","47","67"
"543","Willie","Prohaska","59","88"
"544","Opal","Rogahn","21","39"
"545","Steve","Zulauf","28","88"
"546","Alan","Orn","35","41"
"547","Robyn","Robel","53","96"
"548","Lowell","Becker","25","3"
"549","Kerry","Littel","58","96"
"550","Edmond","Larkin","25","71"
"551","Yolanda","Purdy","40","53"
"552","Arturo","Schmidt","15","66"
"553","Flora","Beatty","49","78"
"554","Caroline","Lemke","41","73"
"555","Ellis","Moen","47","74"
"556","Kari","Kuvalis","47","18"
"557","Josefina","Heidenreich","41","45"
"558","Jorge","Streich","45","88"
"559","Willard","Lynch","28","97"
"560","Marian","Sporer","30","66"
"561","Calvin","Deckow","23","46"
"562","Tom","Carroll","44","1"
"563","Vanessa","Johnson","55","34"
"564","Emmett","Feeney","49","25"
"565","Derek","Jacobson","19","81"
"566","Brandy","Sauer","58","63"
"567","Clifton","O'Conner","56","73"
"568","Wilma","Borer","48","74"
"569","Joanne","Schuppe-Leannon","20","79"
"570","Rene","Rodriguez","25","1"
"571","Keith","Cummerata","24","83"
"572","Gilberto","Conn","47","92"
"573","Marshall","Stark","35","21"
"574","Sherry","Smitham","50","19"
"575","Caroline","Kuhn-Volkman","60","26"
"576","Lillie","Nicolas-Marvin","45","54"
"577","Wilma","Weissnat","37","67"
"578","Mitchell","DuBuque","16","64"
"579","Emanuel","Swaniawski","45","40"
"580","Earnest","Bahringer","46","9"
"581","Ronald","Schulist","53","18"
"582","Estelle","Bode","17","92"
"583","Ethel","Gorczany","36","97"
"584","Clyde","Corwin","30","38"
"585","Nancy","Beer","30","66"
"586","Ruby","Harvey","53","17"
"587","Jacquelyn","Frami","49","51"
"588","Kevin","Bergnaum","60","25"
"589","Christie","Schroeder","33","95"
"590","Charlie","Kozey","39","71"
"591","Israel","Dare","49","65"
"592","Joey","Koelpin","50","73"
"593","Earl","Waelchi","27","59"
"594","Alicia","Ondricka","44","70"
"595","Tabitha","Wehner","39","45"
"596","Catherine","Morar","55","58"
"597","Jeremiah","Rogahn","32","22"
"598","Troy","Spinka","32","50"
"599","Erica","Daugherty","34","40"
"600","Bertha","Braun","30","10"
"601","Michael","Hyatt","21","61"
"602","Adam","Grimes","15","94"
"603","Ora","Gottlieb","40","90"
"604","Roger","Roberts","20","30"
"605","Jimmie","Hoppe","22","31"
"606","Marion","Conn","51","21"
"607","Owen","Heaney","20","50"
"608","Bessie","Fisher","54","74"
"609","Mark","Rath","18","88"
"610","Latoya","Bernier","15","95"
"611","Agnes","Hintz","30","21"
"612","Lula","Bosco","46","25"
"613","Melanie","Prohaska","26","10"
"614","Rickey","Daugherty","56","46"
"615","Viola","Deckow","39","20"
"616","Louise","Borer","50","6"
"617","Eloise","Bernhard-Mante","60","93"
"618","Luther","Wehner","20","80"
"619","Max","Mante","17","92"
"620","Jorge","Bartell","38","50"
"621","Sonia","Wisoky","60","42"
"622","Shawna","Walter","26","19"
"623","Eunice","Spencer","25","86"
"624","Leticia","Witting","35","47"
"625","Vernon","Bogan","28","13"
"626","Catherine","Toy","22","11"
"627","Angelica","Rogahn","51","11"
"628","Devin","Boyer","45","99"
"629","Marcia","Gusikowski","38","39"
"630","Joan","Will-Bashirian","44","82"
"631","Ann","Luettgen","17","9"
"632","Derek","Lowe","33","43"
"633","Ray","Watsica","28","37"
"634","Ruth","Stroman","56","14"
"635","Blake","Fahey","51","19"
"636","Ellis","Zieme","58","86"
"637","Bryan","Marvin","35","82"
"638","Dianna","Pfeffer","55","8"
"639","Shelia","Olson","37","55"
"640","Mario","Crooks","18","41"
"641","Duane","Hilpert","51","47"
"642","Alex","Wolff","37","95"
"643","Christy","McLaughlin","47","41"
"644","Isaac","Larkin","56","16"
"645","Oscar","Armstrong","31","44"
"646","Curtis","Runolfsdottir","18","32"
"647","Tommy","Beahan","46","83"
"648","Oscar","Schuster","42","52"
"649","Vincent","Johnson","40","79"
"650","Raul","Zemlak","55","36"
"651","Johnnie","Halvorson","28","15"
"652","Karl","Boyle","44","96"
"653","Harvey","Denesik","46","85"
"654","Sandra","Heathcote","37","53"
"655","Angie","Franey","37","81"
"656","Darin","Collier","23","10"
"657","Shelia","Von","16","60"
"658","Willie","Marvin","41","70"
"659","Bethany","Sporer","25","32"
"660","Tasha","Cartwright","47","29"
"661","George","Prohaska","46","35"
"662","Rodolfo","Frami","29","78"
"663","Nicolas","Lockman","45","41"
"664","Herbert","Schroeder","42","62"
"665","Yolanda","Glover","57","22"
"666","Jeffery","Lubowitz","58","77"
"667","Minnie","Padberg","35","18"
"668","Angie","Conroy","58","100"
"669","Jaime","Hyatt","21","39"
"670","Christie","Cronin","28","30"
"671","Toby","Turner","19","63"
"672","Mark","Price","19","72"
"673","Frank","Ryan","36","3"
"674","Alison","Collier","20","56"
"675","Tamara","Quigley-Huel","53","52"
"676","Jean","Reilly","19","56"
"677","Israel","Weissnat","55","70"
"678","Krista","Nicolas","29","33"
"679","Willard","Littel","43","29"
"680","Roosevelt","Graham","37","17"
"681","Carmen","McCullough","17","89"
"682","Leslie","Hartmann","39","63"
"683","Latoya","Corkery","59","91"
"684","Chris","Kautzer","23","65"
"685","Joel","Bednar","37","35"
"686","Ron","Grimes","53","99"
"687","Cory","Gorczany","32","94"
"688","Lindsay","Daniel","33","73"
"689","Wilma","Crona","30","8"
"690","Eugene","Mohr","48","75"
"691","Renee","Kuhn","55","90"
"692","Curtis","Flatley","42","27"
"693","Sonja","Sauer","32","30"
"694","Clint","Barrows","58","22"
"695","Sheri","Sanford","55","41"
"696","Janice","Rempel","18","15"
"697","Monique","Stamm","21","3"
"698","Gregg","Heaney","19","85"
"699","Katie","Weimann","35","31"
"700","Earnest","Lemke","26","96"
"701","Garrett","Schmidt","41","71"
"702","Anne","Hauck-Nitzsche","50","53"
"703","William","Considine","49","59"
"704","Dianne","Raynor","21","30"
"705","Dustin","Schultz","29","70"
"706","Sue","Boyer","39","58"
"707","Johnathan","Davis","26","15"
"708","Larry","Becker","39","35"
"709","Wendell","Dare","34","67"
"710","Catherine","Torphy","50","23"
"711","Myrtle","Hills","19","64"
"712","Otis","Haley","18","27"
"713","Sara","Hickle","34","3"
"714","Marilyn","Wehner-Hermiston","36","80"
"715","Earnest","Dicki","29","26"
"716","Glenn","Borer-Reichert","56","37"
"717","Rudy","Jones","40","31"
"718","Jennie","Christiansen","15","94"
"719","Billy","Von-Lueilwitz","36","16"
"720","Ollie","Terry","34","15"
"721","Garry","Berge","46","18"
"722","Aaron","Kuphal","18","39"
"723","Pablo","Bailey","57","39"
"724","Ricky","Senger","36","53"
"725","Alex","Welch","45","37"
"726","Belinda","Lueilwitz","50","32"
"727","Tami","Hermann","31","79"
"728","Edmund","Anderson","20","40"
"729","Olivia","Paucek","25","13"
"730","Sandy","VonRueden","60","12"
"731","Brooke","Lang-Abbott","45","43"
"732","Sally","Satterfield","40","71"
"733","Miriam","Abernathy","45","43"
"734","Melvin","Haag","28","39"
"735","Alfred","Kertzmann","57","81"
"736","Irene","Wolff","37","13"
"737","Laurence","Sporer","22","91"
"738","Wilbur","Feest","29","69"
"739","Judy","Friesen","47","4"
"740","Guadalupe","Stanton","21","40"
"741","Rose","Murray","46","40"
"742","Guillermo","McLaughlin-Yost","20","60"
"743","Kathleen","Keebler","24","18"
"744","Laurence","Goldner","15","37"
"745","Charlotte","Metz","57","79"
"746","Lena","Lehner","43","47"
"747","Nathaniel","Walker","22","58"
"748","Claire","Hansen","42","6"
"749","Rebecca","Bins","34","98"
"750","Ira","Baumbach","54","27"
"751","Mark","Von","53","27"
"752","Terrance","Koepp","42","18"
"753","Adam","Glover","20","84"
"754","Simon","Greenfelder","50","13"
"755","Heather","Terry","56","82"
"756","Darren","Stark","21","27"
"757","Clara","Lowe","53","50"
"758","Jeremy","Gibson","47","55"
"759","Opal","Murray","23","4"
"760","Elizabeth","Lind-Green","23","95"
"761","Ellen","Berge-Hartmann","46","15"
"762","Desiree","Windler","27","36"
"763","Lucy","Lehner","34","7"
"764","Sherman","McKenzie","47","84"
"765","Celia","Murray","18","8"
"766","Matthew","Ortiz","40","91"
"767","Kellie","Franecki","36","17"
"768","Leslie","Hammes","33","78"
"769","Felicia","Koepp","52","53"
"770","Marty","Ziemann","41","76"
"771","Seth","Christiansen","32","60"
"772","Jeannie","Goyette-Pagac","54","25"
"773","June","Baumbach","22","32"
"774","Gregory","Mitchell","18","85"
"775","Donald","Bauch","46","78"
"776","Shari","Emmerich","18","34"
"777","Laura","Fay","43","19"
"778","Carl","Bode","20","74"
"779","Lisa","Brekke","17","94"
"780","Colin","Gusikowski","27","24"
"781","Caroline","Walker","42","19"
"782","Ida","Stark","38","69"
"783","Brad","Reichel","28","33"
"784","Kelli","Conroy","35","2"
"785","Courtney","Bernier","36","25"
"786","Claire","Dach","58","79"
"787","Allison","Thompson","39","20"
"788","Allan","Rau","21","57"
"789","Gloria","Oberbrunner","18","84"
"790","Max","Lang","18","90"
"791","Isaac","Lebsack","58","66"
"792","Ian","Orn","60","86"
"793","Eva","Walsh","45","1"
"794","Ricardo","Jacobs-Hilpert","32","31"
"795","Melody","Walsh","26","88"
"796","Roger","Hilll","34","40"
"797","Wilma","Grady","44","54"
"798","Janet","Goyette-Lang","41","17"
"799","April","Breitenberg","53","19"
"800","Alfredo","Daniel","32","41"
"801","Horace","Wilkinson","23","50"
"802","Ignacio","Jones","40","45"
"803","Mable","Braun","23","51"
"804","Roy","Borer","24","46"
"805","Tony","Grady","16","50"
"806","Stephen","Paucek","26","8"
"807","Freddie","Upton","29","70"
"808","Arnold","McDermott","37","85"
"809","Julie","Graham","26","13"
"810","Bruce","Veum","41","31"
"811","Claudia","Brakus","36","93"
"812","Samantha","Powlowski","51","3"
"813","Willie","Ondricka","16","48"
"814","Cecil","Schroeder","31","12"
"815","Jeffrey","Upton","29","24"
"816","Terrell","Upton","52","88"
"817","Bruce","Stehr","44","18"
"818","Whitney","Schaden","46","60"
"819","Tomas","McKenzie","41","53"
"820","Essie","Boehm-Bednar","31","5"
"821","Marcus","Steuber","19","30"
"822","Roy","Zieme","43","54"
"823","Timmy","Swift","44","76"
"824","Antonia","Prosacco","25","18"
"825","Lynette","Rowe","37","54"
"826","Wendell","Jacobson","43","99"
"827","Leona","O'Kon","52","52"
"828","Cora","Emmerich","40","40"
"829","Joseph","Marks","51","7"
"830","Lee","Bahringer","36","34"
"831","William","Hodkiewicz","23","70"
"832","Alison","Kerluke","22","63"
"833","Flora","Waelchi","35","21"
"834","Alfonso","Hudson","60","32"
"835","Steven","Larkin","50","1"
"836","Harold","Beier","36","65"
"837","Susan","Langworth","39","99"
"838","Randal","Cormier","42","33"
"839","Sammy","Towne","39","95"
"840","Jean","Kuhn","26","34"
"841","Victoria","Ondricka","31","27"
"842","Laurence","Crona","51","75"
"843","Genevieve","Rau","57","78"
"844","Shelley","Langosh","37","25"
"845","Jeremy","Upton","26","100"
"846","Charlotte","Ledner","22","46"
"847","Derrick","Wolf-O'Reilly","44","42"
"848","Mitchell","Powlowski","48","28"
"849","Olivia","Watsica","24","89"
"850","Max","Bechtelar","53","40"
"851","Jay","Swift","33","46"
"852","Shaun","O'Connell","26","12"
"853","Christina","Pfeffer","27","66"
"854","Camille","Larkin-Schamberger","23","79"
"855","Miguel","Osinski","59","30"
"856","Regina","Skiles","46","23"
"857","Dave","Graham","45","26"
"858","Bob","Pacocha","38","48"
"859","Stanley","Kunde","45","42"
"860","Holly","Mills","51","83"
"861","Emilio","VonRueden","39","34"
"862","Stacey","Jacobson","33","23"
"863","Vincent","Barton","46","38"
"864","Mary","White","48","79"
"865","Ida","Welch","41","8"
"866","George","Ortiz","18","35"
"867","Antoinette","Koss","30","82"
"868","Sherry","Koss","54","5"
"869","Bradley","Marvin","38","91"
"870","Melinda","Rolfson","15","100"
"871","Virgil","Beahan","51","94"
"872","Kara","Corkery","33","64"
"873","Carlton","Brekke","30","39"
"874","Lynn","Bradtke","24","9"
"875","Patricia","Mayert","49","37"
"876","Walter","Nader","35","14"
"877","Lorenzo","Corkery","52","62"
"878","Jeannette","Ritchie","17","37"
"879","Lucille","Streich","17","80"
"880","Kerry","Bins","39","47"
"881","Mack","Skiles","38","73"
"882","Garry","Rohan","36","8"
"883","Russell","Goyette","42","25"
"884","Scott","Moore","26","30"
"885","Moses","Roob","17","6"
"886","Marian","Bergnaum","48","80"
"887","Ora","Bogan","49","44"
"888","Pablo","Mayert","38","12"
"889","Leticia","Murray","59","72"
"890","Ana","Ratke","20","70"
"891","Elijah","Nitzsche","48","17"
"892","Tommie","Gislason-Smitham","39","89"
"893","Kelvin","Prohaska","42","91"
"894","Sally","Volkman","59","20"
"895","Margaret","Ankunding-Labadie","24","97"
"896","Terrance","Swift","60","67"
"897","Dan","Gleason","45","50"
"898","Audrey","Koelpin","60","80"
"899","Pamela","Kshlerin","58","42"
"900","Clay","Beier","28","77"
"901","Shawna","VonRueden","40","24"
"902","Harriet","Zboncak","57","96"
"903","Gregg","Daniel","59","61"
"904","Kerry","Littel","49","84"
"905","Jody","Cummerata","56","83"
"906","Ian","Haag","50","89"
"907","Ben","Howell","58","19"
"908","Opal","Franey","25","37"
"909","Eddie","Grady","29","30"
"910","Billie","Jakubowski","16","65"
"911","Harry","Pollich","28","3"
"912","Malcolm","Emard","55","78"
"913","Marco","Huels","46","2"
"914","Bert","Olson","46","77"
"915","Ida","Renner","31","56"
"916","Ada","Gulgowski","23","37"
"917","Wesley","Jaskolski","45","41"
"918","Kristy","Beer","55","75"
"919","Hope","Yundt","27","17"
"920","Shari","Kunze","23","13"
"921","Dolores","Schimmel","38","99"
"922","Lynette","Stehr","52","31"
"923","Nina","O'Conner","25","89"
"924","Orville","Rice","31","38"
"925","Lori","Purdy","46","20"
"926","Vernon","Abbott","25","11"
"927","Rudolph","Boyle","53","76"
"928","Pat","Torp","19","69"
"929","Shelley","Howell","45","25"
"930","Lela","Kuvalis","36","41"
"931","Ben","Schroeder","34","22"
"932","Rita","Bins","55","22"
"933","Peggy","Krajcik","15","47"
"934","Agnes","Kub","20","35"
"935","Sadie","Weissnat","15","66"
"936","Hector","Klocko","60","91"
"937","Geoffrey","Kerluke","26","9"
"938","Tyler","Schinner","27","8"
"939","Brittany","Weber","41","50"
"940","Neil","Ullrich","52","60"
"941","Wanda","Cartwright","53","20"
"942","Noah","Romaguera","51","75"
"943","Stuart","Pfannerstill","49","24"
"944","Jessie","Aufderhar","47","44"
"945","Drew","Wilkinson","24","29"
"946","Louis","Rippin","57","94"
"947","Miguel","Armstrong","57","61"
"948","Janie","Bauch","32","20"
"949","Shari","Kautzer","30","90"
"950","Felipe","Wolf","52","97"
"951","Mable","Casper","43","47"
"952","Dolores","Denesik","49","34"
"953","Lawrence","Emard","21","87"
"954","Theresa","Olson","28","65"
"955","Lucia","Stamm","21","50"
"956","Marc","Kutch","44","56"
"957","Dora","Hammes","56","1"
"958","Elias","Sauer","28","70"
"959","Brittany","Shanahan","15","33"
"960","Billie","Dach","29","67"
"961","Geneva","Reynolds","20","29"
"962","Wm","Ratke","21","83"
"963","Henrietta","Kessler","24","23"
"964","Raymond","Heathcote","19","90"
"965","Lamar","Glover","21","59"
"966","Enrique","Goyette","53","55"
"967","Rex","Stracke","45","23"
"968","Jim","Dickinson","17","19"
"969","Delbert","Nienow","58","1"
"970","Timmy","Schuster","25","63"
"971","Clarence","Gutmann","36","84"
"972","Peggy","Boehm","46","85"
"973","Guillermo","Rogahn","58","82"
"974","Rachel","Carroll","43","61"
"975","Teri","Glover","34","7"
"976","Nelson","D'Amore","25","28"
"977","Susie","McDermott","36","61"
"978","Jermaine","Kautzer","20","96"
"979","Cameron","Bradtke","39","16"
"980","Ralph","Marks","58","32"
"981","Randall","Olson","32","29"
"982","Harriet","Ebert","52","22"
"983","Dixie","Gleason","45","36"
"984","Violet","Runolfsson","41","44"
"985","Harriet","Fisher","24","14"
"986","Brendan","Nienow","46","80"
"987","Krystal","Leannon","18","3"
"988","Juan","Kirlin","47","28"
"989","Timothy","Witting","32","70"
"990","Eloise","Huels","47","42"
"991","Kayla","Hauck","51","63"
"992","Marion","Terry","17","52"
"993","Doyle","Schneider","31","81"
"994","Wanda","Considine","31","16"
"995","Simon","Dickens","33","18"
"996","Laurie","Smith","54","63"
"997","Gwen","Orn","16","8"
"998","Darla","Gottlieb","17","23"
"999","Ashley","Flatley","52","2"
"1000","Irvin","Hansen","51","29"
"1001","Blanche","Price","17","90"
"1002","Rogelio","King","15","81"
"1003","Guy","Sauer","25","79"
"1004","Orville","Dickinson","60","61"
"1005","Ross","Schuster-Cole","19","26"
"1006","Dora","Sporer","36","33"
"1007","Lillie","Gulgowski-Balistreri","34","36"
"1008","Darryl","Pfannerstill","37","51"
"1009","Stacy","Rogahn","43","28"
"1010","Lori","Kreiger-Frami","39","48"
"1011","Roxanne","Hudson","24","60"
"1012","Domingo","Wisoky","32","41"
"1013","Nancy","Nitzsche","29","64"
"1014","Agnes","Kirlin","40","52"
"1015","Matthew","Boyer","39","8"
"1016","Connie","Bernier-Schmidt","59","11"
"1017","Monique","Stracke-Friesen","27","3"
"1018","Frank","Bednar","25","30"
"1019","Danny","Russel","57","71"
"1020","Catherine","Hessel","49","57"
"1021","Jessie","Swaniawski","45","94"
"1022","Otis","Harris","25","25"
"1023","Dora","VonRueden","28","28"
"1024","Ollie","Bernier","48","36"
"1025","Derrick","Fadel","55","30"
"1026","David","Mraz","30","71"
"1027","Alejandro","Tremblay","21","80"
"1028","Jason","Hilll","56","19"
"1029","Esther","VonRueden","35","22"
"1030","Mark","Sawayn","42","100"
"1031","Terri","Lind","57","62"
"1032","Bill","Kuphal","51","97"
"1033","Rachael","Barton","32","89"
"1034","Joshua","Padberg","33","61"
"1035","Jeannette","Klein","29","81"
"1036","Derek","Durgan","50","47"
"1037","Candice","Steuber","22","71"
"1038","Ruben","Wyman","21","24"
"1039","Emanuel","Schultz","56","9"
"1040","Virginia","Barton","51","5"
"1041","Neal","Wyman","37","80"
"1042","Derek","Feeney","23","15"
"1043","Carlton","Hackett","47","88"
"1044","Kurt","Frami","52","61"
"1045","Velma","Hauck","58","54"
"1046","Betsy","Gorczany","47","45"
"1047","Alison","McCullough","38","56"
"1048","Juanita","Wolf","23","58"
"1049","Leroy","Nikolaus","43","30"
"1050","Amber","Deckow","18","35"
"1051","Allison","Kihn","19","69"
"1052","Ana","Roob","17","24"
"1053","Joseph","Beier","25","12"
"1054","Kenneth","Schneider","33","4"
"1055","Bennie","Abernathy","37","74"
"1056","Wilbur","Hamill","56","68"
"1057","Nora","Ernser","32","88"
"1058","Georgia","Keebler","19","34"
"1059","Blake","Dickinson","25","88"
"1060","Sophie","Boyle","31","90"
"1061","Kathleen","Shanahan","23","8"
"1062","Antoinette","O'Conner","57","18"
"1063","Kyle","Hauck","50","20"
"1064","Meghan","Moen","56","1"
"1065","Donna","Wolff","32","44"
"1066","Sophie","Donnelly","41","14"
"1067","Johnnie","Murray","30","57"
"1068","Lisa","Fadel","49","86"
"1069","Sandy","Zulauf","51","73"
"1070","Delores","Prohaska","59","82"
"1071","Mike","Hilll","44","28"
"1072","Roman","Torp","45","73"
"1073","Ricky","Luettgen","22","67"
"1074","Allan","Lockman","18","59"
"1075","Katherine","Schaefer","50","63"
"1076","Edwin","Gleason","51","20"
"1077","Hannah","Gutmann","36","60"
"1078","Carol","Emard","38","17"
"1079","Harold","Reynolds","24","57"
"1080","Elaine","Feil-Mayer","58","86"
"1081","Willie","Jenkins","50","100"
"1082","Jean","Lemke","42","67"
"1083","Marion","Hodkiewicz","15","47"
"1084","Tommie","Skiles","22","15"
"1085","Micheal","Yost","26","41"
"1086","Erica","Blanda","27","34"
"1087","Ellen","Feest","19","17"
"1088","Brittany","Lakin","45","67"
"1089","Hubert","O'Hara","32","88"
"1090","Frederick","Ondricka","29","82"
"1091","Glenda","Towne","24","57"
"1092","Gayle","Stroman","33","100"
"1093","Amber","Rice","23","10"
"1094","Judy","Roob","46","79"
"1095","Lucille","Shanahan","45","99"
"1096","Antonio","Towne","37","28"
"1097","Johnny","Bradtke","47","29"
"1098","Rene","Littel","18","20"
"1099","Isaac","Keeling","27","12"
"1100","Candice","Brekke","19","43"
"1101","Clinton","Buckridge","32","68"
"1102","Tina","Zemlak","46","57"
"1103","Colin","Hamill","42","26"
"1104","Erika","Franecki","45","46"
"1105","Rudolph","Haley","41","79"
"1106","Jacqueline","O'Keefe","57","47"
"1107","Josefina","Schuppe","28","100"
"1108","Teresa","Cremin","18","60"
"1109","Leticia","Roberts","44","14"
"1110","Harry","Mosciski","47","10"
"1111","Bobbie","Botsford","54","86"
"1112","Amber","Emmerich","24","19"
"1113","Kirk","Schulist","48","73"
"1114","Audrey","Schinner","60","34"
"1115","Amos","Howe","20","69"
"1116","Leo","Abshire","53","92"
"1117","James","Ortiz","42","10"
"1118","Kim","King","30","50"
"1119","Cheryl","Okuneva","43","77"
"1120","Ora","Sporer","51","91"
"1121","Samuel","Stoltenberg","25","47"
"1122","Sophie","Ortiz","57","92"
"1123","Rachael","Bergstrom","23","40"
"1124","Sonya","Schneider","60","84"
"1125","George","Littel","47","32"
"1126","Pam","Feeney-Schroeder","25","44"
"1127","Erica","Corwin","46","81"
"1128","Clifford","Hackett","22","72"
"1129","Dallas","Treutel","52","34"
"1130","Elvira","Murphy","42","80"
"1131","Monique","Howe","40","100"
"1132","Ben","Smitham","18","27"
"1133","Ignacio","Nikolaus","60","29"
"1134","Lucas","Huels","48","33"
"1135","John","Schaden","56","94"
"1136","Floyd","Shields","49","34"
"1137","Micheal","Sanford","48","64"
"1138","Lois","Stiedemann","60","60"
"1139","Pearl","Mann","54","30"
"1140","June","Douglas","15","66"
"1141","Colin","Renner","57","73"
"1142","Mabel","Schuster","45","16"
"1143","Dominic","DuBuque","54","87"
"1144","Ben","Rippin","43","56"
"1145","Lindsey","Bartell","31","33"
"1146","Bertha","Satterfield","26","68"
"1147","Sergio","Bergnaum","22","46"
"1148","Mabel","Goldner","29","78"
"1149","Kristine","Satterfield","26","92"
"1150","Kerry","Bailey","37","2"
"1151","Joy","Huels","40","53"
"1152","Lawrence","Huel","40","70"
"1153","Dwight","Raynor","60","58"
"1154","Flora","Crist","40","40"
"1155","Christine","Cronin","52","10"
"1156","Martha","Maggio","31","89"
"1157","Elbert","Stroman","27","32"
"1158","Nettie","Schamberger","24","34"
"1159","Walter","Emmerich","37","12"
"1160","Grant","Boyer","28","51"
"1161","Bert","Gorczany","29","61"
"1162","Allen","Kreiger","37","42"
"1163","Lester","Fritsch","52","91"
"1164","Isaac","Bosco-Dibbert","50","85"
"1165","Bob","Kerluke","18","2"
"1166","Jeremy","Wisozk","23","14"
"1167","Judith","Davis","51","92"
"1168","Gretchen","Feeney","56","6"
"1169","Orville","Hilpert","15","77"
"1170","Madeline","Rau","48","64"
"1171","Carrie","Funk","22","23"
"1172","Kelly","Hegmann","40","43"
"1173","Sonya","Kohler","28","69"
"1174","Kathryn","Kub","55","97"
"1175","Adam","Christiansen","26","42"
"1176","Albert","Prosacco","37","68"
"1177","Kenny","Medhurst","48","85"
"1178","Lori","Fahey","32","33"
"1179","Dave","Lakin","51","40"
"1180","Perry","Schoen","56","78"
"1181","Everett","Satterfield","55","64"
"1182","Armando","Mraz","55","43"
"1183","Timmy","Jerde","60","8"
"1184","Roberta","Frami","60","38"
"1185","Pearl","Reynolds","47","69"
"1186","Vicki","Howe","42","27"
"1187","Wayne","Kuvalis","60","98"
"1188","Warren","Kessler","32","74"
"1189","Ronald","Franecki","44","35"
"1190","Kathleen","Weissnat","37","31"
"1191","Gary","Vandervort","15","46"
"1192","Oscar","Leffler","32","72"
"1193","Carlos","Lakin","48","57"
"1194","Bruce","Kiehn","37","41"
"1195","Jesus","Gusikowski-Pfeffer","41","98"
"1196","Greg","Hintz","53","98"
"1197","Camille","Gerhold","17","98"
"1198","Leslie","Gleason","22","86"
"1199","Carlos","Bernhard","58","17"
"1200","Sonya","Toy","43","44"
"1201","Katie","Anderson","48","86"
"1202","Pat","Schmeler","55","12"
"1203","Sherri","Rogahn","18","15"
"1204","Tommy","Witting-Kovacek","54","77"
"1205","Rolando","Gerlach-Franecki","42","85"
"1206","Meghan","Okuneva","36","89"
"1207","Dianna","Tremblay","24","24"
"1208","Jeremy","Huel","30","76"
"1209","Toni","Schulist","36","53"
"1210","Valerie","Corkery","35","21"
"1211","Nettie","Stracke-Waelchi","54","79"
"1212","Jim","Schuster","22","15"
"1213","Darnell","Stamm","21","64"
"1214","Henrietta","Ebert","53","98"
"1215","Delores","Gutmann","57","86"
"1216","Robin","Welch","23","62"
"1217","Freda","Wuckert","15","4"
"1218","Yvonne","Hackett","57","60"
"1219","Otis","Halvorson","25","12"
"1220","Celia","Torp","20","93"
"1221","Kari","Collins","19","48"
"1222","Jeffery","Keeling","35","55"
"1223","Marlon","Rowe","57","42"
"1224","Veronica","Spencer","45","69"
"1225","Jason","Deckow","21","96"
"1226","Jake","Baumbach","32","30"
"1227","Ebony","Anderson","56","95"
"1228","Walter","Graham","54","33"
"1229","Gina","Vandervort","20","74"
"1230","Jack","Hansen","48","96"
"1231","Willard","Abernathy","59","39"
"1232","Jonathan","Balistreri","52","90"
"1233","Opal","Kassulke","29","15"
"1234","Ellen","Pagac","35","51"
"1235","Diana","Hahn","19","39"
"1236","Darrin","Hirthe","46","97"
"1237","Dana","Thiel","36","46"
"1238","Raul","Rempel","48","54"
"1239","Gene","Luettgen","17","77"
"1240","Patricia","Lowe","29","61"
"1241","Georgia","Cremin","47","77"
"1242","Marian","Mohr","52","5"
"1243","Johnnie","Runolfsson","51","20"
"1244","Joy","Goodwin","37","52"
"1245","Kellie","Kulas","49","98"
"1246","Shelley","Bernhard","45","99"
"1247","Crystal","Durgan","17","93"
"1248","Lula","Johnston","51","33"
"1249","Allison","Hackett","37","66"
"1250","Robin","Predovic","18","34"
"1251","Wanda","Purdy","32","29"
"1252","Ronnie","Stracke","39","97"
"1253","Marcia","Gutkowski","46","58"
"1254","Kim","Roberts","52","68"
"1255","Amber","Rolfson","55","66"
"1256","Tonya","Upton","47","97"
"1257","Leticia","Emmerich","19","99"
"1258","Lena","Kunde","43","65"
"1259","Vicki","Tromp","16","26"
"1260","Reginald","Sawayn","30","7"
"1261","Cora","DuBuque","56","3"
"1262","Jon","Beier","49","28"
"1263","Lois","Hessel","20","7"
"1264","Alexis","Goodwin","51","48"
"1265","Joel","Effertz-Jaskolski","41","94"
"1266","Victor","Becker","55","39"
"1267","Ross","Mitchell","18","74"
"1268","Marta","Robel","31","15"
"1269","Dana","Wisozk","42","14"
"1270","Sherry","Trantow","33","92"
"1271","Heather","Zulauf","17","59"
"1272","Alice","Morar","31","15"
"1273","Lynn","Hauck","60","14"
"1274","Margie","Gleason","26","70"
"1275","Bobby","Walker","16","25"
"1276","Hope","Farrell","15","47"
"1277","Angie","Padberg","44","85"
"1278","Curtis","Prosacco","47","66"
"1279","Muriel","Larkin-Runte","45","36"
"1280","Ashley","Gibson","31","64"
"1281","Ernesto","Schmeler","35","78"
"1282","Marguerite","Jaskolski","22","61"
"1283","Mabel","Turner","58","39"
"1284","Annie","Stokes","24","41"
"1285","Edwin","Leffler","41","30"
"1286","Rachel","Gorczany","47","91"
"1287","Tyler","Grimes","32","33"
"1288","Loren","Bernier","50","81"
"1289","Candace","Spencer","25","38"
"1290","Lionel","Klein","21","73"
"1291","Pat","Stanton","24","48"
"1292","Shelley","Heidenreich","44","40"
"1293","Stephen","Metz","47","11"
"1294","Gertrude","Rosenbaum-Pagac","49","40"
"1295","Rhonda","Botsford","32","100"
"1296","Johanna","Nader","27","48"
"1297","Ron","Cummings","19","81"
"1298","Katie","DuBuque","53","96"
"1299","Evelyn","Gleichner","16","74"
"1300","Gerald","Douglas","27","57"
"1301","Simon","Hessel","26","29"
"1302","Marlon","Fisher","28","29"
"1303","Terence","Breitenberg","46","4"
"1304","Lance","Sporer","54","14"
"1305","Marta","Predovic","28","78"
"1306","Jeffrey","Berge","26","20"
"1307","Toby","Greenfelder","40","65"
"1308","Marie","Rath","53","65"
"1309","Sara","Hagenes","43","10"
"1310","Jessie","Mueller","21","42"
"1311","Guadalupe","Crona","29","32"
"1312","Wendy","Toy","45","3"
"1313","Vivian","Koss","29","11"
"1314","Gretchen","Roberts","60","43"
"1315","Marianne","Torphy","48","45"
"1316","Arnold","Gerhold","40","21"
"1317","Patsy","Lynch","44","58"
"1318","Israel","Muller","45","64"
"1319","Alice","Jast","59","44"
"1320","Rex","Schoen","52","19"
"1321","Boyd","Murray","58","6"
"1322","Bennie","Streich","30","49"
"1323","Fernando","Howell","49","56"
"1324","Kerry","Gusikowski","55","11"
"1325","Debra","Jones","42","57"
"1326","Wayne","Tillman","29","57"
"1327","Laurence","Rath","22","36"
"1328","Myrtle","MacGyver-Stroman","56","50"
"1329","Stacy","Hartmann","42","72"
"1330","Stephanie","Mante","39","80"
"1331","Leona","Bogisich","24","43"
"1332","Christie","Abbott","16","18"
"1333","Kathy","Satterfield","52","79"
"1334","Everett","Hagenes","30","55"
"1335","Van","Schmidt","34","10"
"1336","Lynette","Rosenbaum","42","10"
"1337","Christina","Rempel","43","43"
"1338","Daniel","Welch","44","99"
"1339","Wilson","Dibbert","53","51"
"1340","Jana","Kunze","47","30"
"1341","Emily","Pollich-Muller","46","36"
"1342","Eileen","Ruecker","43","46"
"1343","Terrell","Predovic","36","74"
"1344","Calvin","Turner","46","13"
"1345","Elbert","Schamberger-Okuneva","26","94"
"1346","Evelyn","Kreiger","59","56"
"1347","Mitchell","Rosenbaum","38","47"
"1348","Kristine","Legros","35","73"
"1349","Joan","Kovacek","55","77"
"1350","Carl","Goodwin-Spinka","52","25"
"1351","Owen","Balistreri","53","82"
"1352","Travis","Wisozk","45","61"
"1353","Pat","Wolf","32","20"
"1354","Mike","Farrell","38","7"
"1355","Doreen","Dietrich","54","43"
"1356","Maggie","Gleichner","25","85"
"1357","Darryl","Tillman","24","79"
"1358","Clinton","Pollich","23","57"
"1359","Lawrence","Mann","36","66"
"1360","Ronnie","Lynch","34","10"
"1361","Elisa","Brown","17","75"
"1362","Todd","Boyle","48","85"
"1363","Luis","Labadie","18","47"
"1364","Luke","Farrell","19","9"
"1365","Myra","Miller","24","43"
"1366","Jim","Morar","33","65"
"1367","Gwendolyn","Reinger","36","32"
"1368","Lawrence","Hand","58","70"
"1369","Ollie","Powlowski","60","58"
"1370","Maria","Padberg","45","56"
"1371","Edward","Jacobs","19","13"
"1372","Alexis","Weber","27","78"
"1373","Susan","Koepp","21","14"
"1374","Roxanne","Kassulke","17","92"
"1375","Lillian","Schulist","46","75"
"1376","Jamie","Okuneva","16","44"
"1377","Heather","Crist","22","43"
"1378","Laverne","O'Keefe","40","45"
"1379","Billy","Zemlak-Will","48","88"
"1380","Dawn","Schamberger","19","50"
"1381","Nicolas","Fritsch","44","53"
"1382","Brad","Ullrich","26","80"
"1383","Emma","Wunsch","17","11"
"1384","Elena","Tremblay","19","54"
"1385","Melinda","Nader","20","22"
"1386","Marilyn","Cronin","45","94"
"1387","Ernest","Bernier","56","66"
"1388","Jody","Kovacek","46","42"
"1389","Colin","Walker","20","49"
"1390","Owen","Haag","15","54"
"1391","Winston","Hegmann","42","35"
"1392","Shelly","Collins","22","78"
"1393","Bob","Sipes","30","78"
"1394","Louise","Stark","20","30"
"1395","Virgil","Miller","60","33"
"1396","Clayton","Kris","38","96"
"1397","Ana","Bailey","43","13"
"1398","Gerard","Muller","38","100"
"1399","Ervin","Hand","42","8"
"1400","Horace","Hoeger","28","88"
"1401","Lorraine","Wolff","60","16"
"1402","Sergio","Kirlin","26","34"
"1403","Jamie","Okuneva","36","85"
"1404","Juana","Reynolds","22","65"
"1405","Irma","Franecki","24","28"
"1406","Tami","Denesik","40","64"
"1407","Wayne","Lehner","56","36"
"1408","Ramiro","Kunde","56","2"
"1409","Vanessa","Lesch","22","1"
"1410","Martha","Bashirian","45","92"
"1411","Ralph","Effertz","40","18"
"1412","Kate","Gusikowski","57","37"
"1413","Melba","Moore","37","36"
"1414","Ella","Predovic","20","86"
"1415","Nettie","Muller-Kling","39","52"
"1416","Genevieve","Hayes","47","4"
"1417","Brendan","Breitenberg","23","5"
"1418","Elena","Ferry","33","51"
"1419","Dawn","O'Hara","16","25"
"1420","Melanie","Watsica","26","82"
"1421","Beatrice","Conn","27","52"
"1422","Wilson","Streich","43","93"
"1423","Tommie","Kub","60","17"
"1424","Travis","Zulauf","38","62"
"1425","Debra","Lockman","31","16"
"1426","Maurice","Sanford","26","91"
"1427","Owen","Witting","37","55"
"1428","Bradley","Schumm","26","90"
"1429","Taylor","Tillman","57","50"
"1430","Clara","Hermiston","27","10"
"1431","Muriel","Runte","39","21"
"1432","Bryant","Murphy","56","2"
"1433","Barbara","Roob","39","58"
"1434","Brendan","Morissette","17","76"
"1435","Myrtle","Tremblay","40","49"
"1436","Ann","Doyle","57","21"
"1437","Jane","O'Connell","57","50"
"1438","Elizabeth","Gulgowski","30","51"
"1439","Eva","Thompson","56","96"
"1440","Juan","Halvorson","20","81"
"1441","Philip","Halvorson","22","87"
"1442","Deanna","Kuhic","45","54"
"1443","Jennie","Abshire","56","57"
"1444","Felicia","Stamm","40","5"
"1445","Nina","Koepp","54","56"
"1446","Melanie","Jast","39","86"
"1447","Ted","Wiegand","30","20"
"1448","Sonia","Schiller","33","55"
"1449","Sabrina","Volkman","58","100"
"1450","Willis","Wuckert","37","33"
"1451","Cesar","Marvin","46","48"
"1452","Clyde","Jaskolski","50","30"
"1453","Terrence","Becker","56","75"
"1454","Cora","Hoeger","55","89"
"1455","Misty","Howe","35","24"
"1456","Natasha","O'Kon","41","27"
"1457","Marcia","Schneider","19","65"
"1458","Darlene","Reichert","23","10"
"1459","Rachael","Considine","34","95"
"1460","Shelley","Fay","31","58"
"1461","Delbert","Johns","30","88"
"1462","Sabrina","Wolf","45","77"
"1463","Madeline","Kunze","43","79"
"1464","Naomi","Altenwerth","52","57"
"1465","Shawn","Kreiger","41","49"
"1466","Winston","Cormier","27","16"
"1467","Luke","Parisian","32","21"
"1468","Rebecca","Ledner","26","33"
"1469","Julia","Homenick","41","51"
"1470","Stephen","Hansen","20","66"
"1471","Jonathan","Lind","35","53"
"1472","Shirley","Luettgen","21","8"
"1473","Brandon","Crist","48","17"
"1474","Rosemary","Kerluke","60","47"
"1475","Molly","Mayer","32","90"
"1476","Gretchen","Morissette","56","8"
"1477","Victor","Carter","25","28"
"1478","Guy","Ziemann","38","12"
"1479","Amanda","Klein","22","64"
"1480","Malcolm","Leannon","32","63"
"1481","Christina","Hackett","40","48"
"1482","Mike","Okuneva","21","20"
"1483","Caleb","Jones","19","23"
"1484","Christian","Christiansen-Harber","49","16"
"1485","Kathy","Lemke","59","48"
"1486","Estelle","Bogisich","26","66"
"1487","Rick","Hilll","48","41"
"1488","Irma","Purdy","38","31"
"1489","Jeanette","Schroeder","28","13"
"1490","Lucy","Cronin","25","12"
"1491","Jo","Langworth","37","22"
"1492","Antoinette","Rosenbaum","36","90"
"1493","Willard","Prohaska","25","68"
"1494","Myron","Hills","45","78"
"1495","Yvonne","Morar","31","4"
"1496","Melba","Becker-Goodwin","60","33"
"1497","Ashley","Baumbach","37","66"
"1498","Brandy","Spencer","51","56"
"1499","Leo","Mertz","58","38"
"1500","Bessie","Sporer","23","51"
"1501","Louis","Goodwin","53","65"
"1502","Larry","Dickens","36","59"
"1503","Marsha","Sipes","33","79"
"1504","Rogelio","Berge","31","44"
"1505","Ramon","Fay","49","25"
"1506","Bethany","Hand","52","37"
"1507","Jared","Luettgen","49","23"
"1508","Nora","Denesik","53","69"
"1509","Adrian","Blick-Auer","15","85"
"1510","Kristi","Reichel","39","38"
"1511","Edna","Walter","31","2"
"1512","Lance","Keeling","41","72"
"1513","Jaime","Haag","33","45"
"1514","Janie","Wiza","18","43"
"1515","Jeffery","Leuschke","24","76"
"1516","Clyde","Champlin","57","22"
"1517","Lucille","Abbott","20","98"
"1518","Irma","Gutmann","36","76"
"1519","Frances","Schmeler","37","4"
"1520","Noah","Konopelski","24","46"
"1521","Franklin","Hettinger","59","75"
"1522","Nellie","Treutel","24","65"
"1523","Blake","Ernser","29","81"
"1524","Marta","Macejkovic","40","60"
"1525","Dianna","Grimes","46","6"
"1526","Courtney","Smitham","42","23"
"1527","Doreen","Howell","16","96"
"1528","Clifton","McKenzie","53","60"
"1529","Eleanor","McLaughlin","33","96"
"1530","Ralph","Murphy","46","97"
"1531","Vivian","Murray","25","47"
"1532","Marguerite","Howell","57","73"
"1533","Aubrey","Keebler","35","80"
"1534","Cecil","Windler","27","58"
"1535","Alex","Borer","17","48"
"1536","Lora","Wisozk","26","47"
"1537","Jaime","Hahn","41","38"
"1538","Penny","Padberg","33","84"
"1539","Guillermo","Watsica","47","35"
"1540","Willie","Jakubowski","22","55"
"1541","Stewart","Hahn","54","29"
"1542","Abel","Kiehn","52","2"
"1543","Greg","Mante","43","19"
"1544","Ginger","Gorczany","54","18"
"1545","Santiago","Mueller","39","16"
"1546","Faith","Wilderman","53","72"
"1547","Pam","Osinski","53","69"
"1548","Jay","Altenwerth-Goldner","33","72"
"1549","Mabel","Casper","36","40"
"1550","Betty","Hoppe","46","30"
"1551","Drew","Waelchi","39","19"
"1552","Lula","Dickens","22","64"
"1553","Manuel","King","39","70"
"1554","Wilfred","Quigley","57","71"
"1555","Rhonda","Schneider","25","37"
"1556","Mabel","Kerluke","49","50"
"1557","Martin","Schiller","29","79"
"1558","Marilyn","Nienow","39","51"
"1559","Shane","Price","56","13"
"1560","Peggy","Collins","18","53"
"1561","Adrian","Altenwerth-Kuphal","22","93"
"1562","Holly","Fay","53","61"
"1563","Herman","MacGyver","48","99"
"1564","Mandy","Ullrich","24","6"
"1565","Lynne","Rodriguez","60","31"
"1566","Brandi","Beahan","25","33"
"1567","Robyn","Daniel","19","20"
"1568","Gladys","Jakubowski","15","51"
"1569","Bradford","Marquardt","23","3"
"1570","Carrie","Kling","21","43"
"1571","Lucia","Paucek","20","29"
"1572","Lois","Hammes","39","91"
"1573","Gertrude","Crist","50","64"
"1574","Dora","Monahan","22","8"
"1575","Sara","Sawayn","55","80"
"1576","Erica","Wyman","27","82"
"1577","Grady","O'Conner","33","2"
"1578","Michelle","Tromp","55","72"
"1579","Renee","Crist","51","28"
"1580","Timmy","Sipes","33","12"
"1581","Terrance","Kshlerin","40","61"
"1582","Jacquelyn","Huels","18","65"
"1583","Jaime","Swift","20","12"
"1584","Judy","O'Kon","27","10"
"1585","Randal","Willms","36","48"
"1586","Jesse","Kovacek","19","78"
"1587","Gerard","Lakin","60","11"
"1588","Lena","Kautzer","28","84"
"1589","Derrick","Kulas","35","29"
"1590","Alexandra","Reichel","50","11"
"1591","Jenny","Gerhold","18","39"
"1592","Freda","White","53","15"
"1593","Clark","Labadie","24","6"
"1594","Jeannie","Bashirian","28","100"
"1595","Jessie","Wisozk","17","42"
"1596","Lydia","Rodriguez","60","54"
"1597","Lee","Toy-Raynor","33","69"
"1598","Cynthia","Effertz","38","72"
"1599","Rick","Tillman","21","57"
"1600","Aaron","Streich","23","92"
"1601","Martin","Bartell","26","85"
"1602","Nicolas","Schinner","52","48"
"1603","Mattie","Hahn","58","36"
"1604","Samantha","Hickle","49","96"
"1605","Carla","Conn","46","40"
"1606","Horace","Kutch","28","31"
"1607","Gwendolyn","O'Reilly","24","97"
"1608","Dolores","Beahan","49","91"
"1609","Mae","Nolan","37","31"
"1610","Nicholas","Mosciski","21","55"
"1611","Joanne","Ferry","18","95"
"1612","Vickie","Parker","44","9"
"1613","Kristin","Krajcik","48","1"
"1614","Elsie","Terry","56","43"
"1615","Andrea","Hyatt","15","48"
"1616","Lynette","Bayer","26","52"
"1617","Joanna","Pfannerstill","58","13"
"1618","Lloyd","Hodkiewicz","48","34"
"1619","Tyrone","Ondricka","53","9"
"1620","Johnathan","Moen","31","72"
"1621","Francis","Brakus","31","63"
"1622","Robin","Heaney","29","95"
"1623","Milton","Mitchell","52","19"
"1624","Claudia","Trantow","16","44"
"1625","Nathan","Ferry","21","83"
"1626","James","Klein","52","30"
"1627","Thelma","Rowe","37","3"
"1628","Reginald","Buckridge","55","77"
"1629","Maria","Paucek","47","92"
"1630","Roosevelt","Braun","49","17"
"1631","Nathaniel","Nicolas","30","38"
"1632","Roman","Bahringer","50","83"
"1633","Jeremiah","Kertzmann","60","26"
"1634","Kelly","Kuhn","18","38"
"1635","Wade","Langosh-Bayer","56","3"
"1636","Cristina","Altenwerth","50","63"
"1637","Theresa","Roob","30","13"
"1638","Luke","Koss","17","13"
"1639","Horace","Gusikowski","57","30"
"1640","Cindy","Macejkovic","23","47"
"1641","Eugene","Huel","33","18"
"1642","Gwen","DuBuque","57","83"
"1643","Bernard","Watsica","19","73"
"1644","Joyce","Mosciski","52","83"
"1645","Charlotte","Bergstrom","47","94"
"1646","Sally","Rogahn","57","54"
"1647","Pauline","Koss","37","73"
"1648","Angel","Graham","16","32"
"1649","Jonathon","O'Connell","32","15"
"1650","Diana","Hammes","57","3"
"1651","Lyle","Keeling","18","4"
"1652","Andrew","Gutmann","52","43"
"1653","Frankie","Pfeffer","17","81"
"1654","Bobbie","Schiller","44","54"
"1655","Amelia","Bogan","44","31"
"1656","Luz","Veum","37","2"
"1657","Cesar","Tillman","45","61"
"1658","Lula","Bayer","58","35"
"1659","Jennie","Smith","55","15"
"1660","Charlotte","Hoppe","43","22"
"1661","Darin","Wisoky","30","46"
"1662","Earnest","Kilback","53","43"
"1663","Derek","Quitzon","17","52"
"1664","Katie","Braun","17","87"
"1665","Sophie","Cronin","57","57"
"1666","Henrietta","Koelpin","48","29"
"1667","Rosa","Skiles","33","13"
"1668","Gabriel","Watsica","38","30"
"1669","Rickey","Moen","34","29"
"1670","Nick","Lueilwitz","31","92"
"1671","Hugh","Crooks","33","80"
"1672","Elisa","Gutkowski","18","30"
"1673","Garrett","Strosin","58","92"
"1674","Willard","Yundt","39","70"
"1675","Adrienne","Jones","53","64"
"1676","May","Greenholt","15","43"
"1677","Claude","Rath","21","28"
"1678","Harry","Jast","16","100"
"1679","Tom","Hilll","45","95"
"1680","Felipe","Baumbach","47","63"
"1681","Rosemary","Green","57","45"
"1682","Yolanda","Bernier","20","98"
"1683","Lindsay","Hagenes","53","69"
"1684","Orville","Fay","56","25"
"1685","Perry","Murazik","57","71"
"1686","Eleanor","Bauch","17","28"
"1687","Melanie","Pollich","22","63"
"1688","Elbert","Olson","39","68"
"1689","Nichole","Hintz-Erdman","28","73"
"1690","Moses","Howell","53","24"
"1691","Heidi","Jakubowski","18","54"
"1692","Carol","Ledner","18","87"
"1693","Lorena","Nolan","46","22"
"1694","Juan","Parker","16","24"
"1695","Eduardo","Gleichner","40","17"
"1696","Laverne","Kautzer-Frami","51","10"
"1697","Dustin","Kozey","54","79"
"1698","Lindsey","Bruen","26","55"
"1699","Holly","Deckow","17","92"
"1700","Rene","Doyle","50","81"
"1701","Delia","Ratke","41","55"
"1702","Guy","Dicki","43","54"
"1703","Connie","Spinka","28","84"
"1704","Norma","Watsica","35","27"
"1705","Angel","Kulas","23","99"
"1706","Josh","Kunze","43","53"
"1707","Paula","Barrows","58","90"
"1708","Jeffery","Price","52","12"
"1709","Kim","Hermiston","52","91"
"1710","Elaine","Mraz","40","15"
"1711","Terrell","Wiegand","26","74"
"1712","Katrina","Lueilwitz","31","88"
"1713","Henry","Hyatt","52","70"
"1714","Morris","Steuber","15","87"
"1715","Stephanie","Kuhic","37","41"
"1716","Melvin","Paucek","20","5"
"1717","Belinda","Moore","19","39"
"1718","Dustin","Barrows","60","14"
"1719","Jeffrey","Anderson","51","74"
"1720","Ira","Bogisich","22","69"
"1721","Felipe","Klein","17","83"
"1722","Beverly","Hartmann","36","90"
"1723","Natasha","Kovacek","59","2"
"1724","Jan","Runte","45","43"
"1725","Cora","Cruickshank","23","60"
"1726","Glenn","Bartoletti","43","47"
"1727","Jackie","Bechtelar","55","19"
"1728","Henry","Zboncak","26","5"
"1729","Terrell","Thompson","25","2"
"1730","Deanna","Mraz","20","15"
"1731","Patricia","Goldner","38","79"
"1732","Megan","Bednar","31","5"
"1733","Andrea","Williamson","21","8"
"1734","Miranda","Klocko","46","99"
"1735","Brenda","Walter","33","98"
"1736","Matt","Buckridge","48","57"
"1737","Josephine","Runolfsson","23","59"
"1738","Jared","Stiedemann","28","29"
"1739","Jenna","Jacobi","15","35"
"1740","Gregory","Hodkiewicz","23","90"
"1741","Lela","Rath","37","96"
"1742","Jessie","Hilll","55","69"
"1743","Rosemary","Ziemann","21","76"
"1744","Howard","Larson","57","75"
"1745","Mercedes","Swift","55","66"
"1746","Clark","Rogahn","38","74"
"1747","Patricia","Barton","36","4"
"1748","Nadine","Ledner","30","94"
"1749","Loretta","Mohr","29","35"
"1750","Alyssa","Ullrich","22","87"
"1751","Wm","Herzog","42","26"
"1752","Noah","Friesen","21","25"
"1753","Kristin","Kiehn","38","18"
"1754","Jacqueline","Gerlach","16","7"
"1755","Jonathon","D'Amore","37","98"
"1756","Elsa","O'Kon","21","85"
"1757","Lynn","Fisher","26","9"
"1758","Elijah","Bradtke","60","17"
"1759","Amber","Langosh","36","14"
"1760","Janie","Koepp","54","19"
"1761","Morris","Hettinger","28","83"
"1762","John","Douglas","58","87"
"1763","Constance","Hammes","31","79"
"1764","Nathaniel","Stehr","58","74"
"1765","Jane","Marvin","20","57"
"1766","Patti","Dach","16","28"
"1767","Jenny","Kerluke","22","14"
"1768","Van","Boyer","39","87"
"1769","Caleb","Reilly","41","18"
"1770","Eric","Cremin","23","59"
"1771","Shannon","Harber","43","68"
"1772","Lynn","Carroll","36","62"
"1773","Lorraine","Rau","28","74"
"1774","Laurence","Kuhn","31","38"
"1775","Frankie","Koelpin","29","36"
"1776","Silvia","Emmerich","39","47"
"1777","Rebecca","Roberts","45","88"
"1778","Courtney","Roberts","51","5"
"1779","Eloise","Larkin","36","24"
"1780","Freddie","Lang","20","85"
"1781","Joshua","Gorczany","20","74"
"1782","Dwayne","Marquardt","31","97"
"1783","Tom","Gleichner","58","97"
"1784","Martin","Ratke","22","45"
"1785","Kurt","Breitenberg","32","95"
"1786","Cecelia","Donnelly","21","43"
"1787","Regina","Tillman","27","20"
"1788","Monica","Reichel","49","11"
"1789","Mitchell","Franey","21","32"
"1790","Johnnie","Greenholt","24","66"
"1791","Susan","Kilback-Bernhard","27","31"
"1792","Darin","Lakin","17","37"
"1793","Cora","Johnson","60","76"
"1794","Sheri","Upton","38","64"
"1795","Dean","Hoeger","43","32"
"1796","Irvin","Ullrich","23","80"
"1797","Nelson","Gerhold-Botsford","33","65"
"1798","Jan","Hoeger","39","21"
"1799","Jon","D'Amore","21","27"
"1800","Troy","Bartoletti","59","71"
"1801","Louis","Huels","43","53"
"1802","Hubert","Rutherford","47","87"
"1803","Mercedes","Zieme","46","12"
"1804","Rochelle","Franecki","36","40"
"1805","Vicky","Trantow","20","62"
"1806","Bonnie","Jakubowski","47","57"
"1807","Sabrina","Mueller","22","69"
"1808","Nadine","Kovacek","34","94"
"1809","Grant","Lehner","55","54"
"1810","Claude","Morar","57","15"
"1811","Homer","Sipes","41","48"
"1812","Casey","Brekke","42","81"
"1813","Sonia","Ebert","39","61"
"1814","Melinda","Hammes","46","16"
"1815","Steven","Nicolas","58","70"
"1816","Orlando","McCullough","53","44"
"1817","Chris","Hand","30","96"
"1818","Gregg","Goyette","30","40"
"1819","Rick","Lind","22","2"
"1820","Ronnie","Ebert","53","53"
"1821","Lyle","Reinger","55","6"
"1822","Lana","Wunsch","35","62"
"1823","Jermaine","Jast","28","1"
"1824","Estelle","Kovacek","24","93"
"1825","Velma","Blanda","41","72"
"1826","Naomi","Ebert","58","45"
"1827","Adrienne","Larson","35","90"
"1828","Ismael","West","29","100"
"1829","Laverne","Mraz","22","18"
"1830","Ricardo","Cormier","33","42"
"1831","Sylvia","Wyman","33","62"
"1832","Timothy","Muller","46","70"
"1833","Danielle","Maggio","58","54"
"1834","Alejandro","Littel","18","18"
"1835","Chad","Wolf","16","17"
"1836","Andrea","Mohr-Effertz","36","33"
"1837","Robert","Watsica","56","82"
"1838","Kay","Kuhlman","20","81"
"1839","Angela","Herman-Rempel","37","71"
"1840","Camille","Willms","26","25"
"1841","Sarah","Kozey","27","58"
"1842","Casey","Schmitt","57","74"
"1843","May","Stanton","49","46"
"1844","Randall","Predovic","29","18"
"1845","Brendan","Wilderman","47","74"
"1846","Geraldine","Corwin","40","18"
"1847","Dana","Walker","32","87"
"1848","Donald","Leuschke","57","64"
"1849","Rogelio","Armstrong","36","75"
"1850","Rochelle","Wolff","40","64"
"1851","Jeffrey","Kerluke","58","13"
"1852","Matt","Carter","24","22"
"1853","Lynn","Kemmer","47","92"
"1854","Marcos","Erdman","56","11"
"1855","Cameron","King","28","75"
"1856","Misty","Hickle","17","92"
"1857","Ralph","Waelchi","23","1"
"1858","Alexandra","Mann","58","27"
"1859","Delores","Emard","53","7"
"1860","Sally","Trantow","37","15"
"1861","Jermaine","Zboncak","27","72"
"1862","Amos","Kuhic","47","73"
"1863","Wendell","Greenholt","20","22"
"1864","Dana","Stokes","50","4"
"1865","Marcos","Williamson","48","30"
"1866","Agnes","Beier","50","31"
"1867","Stephen","Leuschke-Farrell","51","6"
"1868","Penny","Fahey","30","40"
"1869","Julius","Lesch","51","96"
"1870","Gloria","Gottlieb","50","56"
"1871","Conrad","Wiza","23","44"
"1872","Stella","Kertzmann","56","72"
"1873","Shelia","Thiel","31","33"
"1874","Alison","Purdy","48","67"
"1875","Amos","Waelchi","23","30"
"1876","Willis","Schmidt","40","64"
"1877","Johnathan","Daniel","54","77"
"1878","Hattie","Farrell","44","77"
"1879","Jeannette","Nienow","30","91"
"1880","Sean","Krajcik","56","12"
"1881","Mattie","Koch","31","30"
"1882","Katrina","Abbott","42","19"
"1883","James","Kreiger","53","22"
"1884","Betty","Wunsch","20","48"
"1885","Eula","Nicolas","15","54"
"1886","Kerry","Graham","42","46"
"1887","Kelly","Hahn","49","99"
"1888","Nicolas","Barrows","56","45"
"1889","Aubrey","Bradtke","51","21"
"1890","Robin","Thiel","28","27"
"1891","Lynette","Dietrich","36","2"
"1892","Floyd","Wisozk","19","30"
"1893","Carrie","Gusikowski","37","29"
"1894","Gerardo","Rogahn","21","51"
"1895","Constance","Harber","35","54"
"1896","Joseph","Gleichner","34","29"
"1897","Jeanne","Kshlerin","40","18"
"1898","Albert","VonRueden","39","98"
"1899","Yvonne","Herman","22","29"
"1900","Ricky","Hills","51","16"
"1901","Mae","Boyer","23","94"
"1902","Hazel","Crona","24","65"
"1903","Dora","Schmeler","31","64"
"1904","Verna","Hammes","51","11"
"1905","Tami","Weissnat","60","40"
"1906","Lionel","Ziemann","44","6"
"1907","Doreen","Sawayn","57","40"
"1908","Dominick","Kulas","24","86"
"1909","Meghan","Durgan","52","85"
"1910","Adrian","Kovacek","51","77"
"1911","Kelly","Mertz","41","69"
"1912","Kelvin","McLaughlin","47","11"
"1913","Rochelle","Jacobson","30","26"
"1914","Guadalupe","Parker","52","81"
"1915","Jeanette","Schulist","26","65"
"1916","Laverne","Raynor","46","38"
"1917","Marcus","Jones","51","18"
"1918","Kristine","Vandervort","20","64"
"1919","Cornelius","Moore","16","25"
"1920","Traci","Sanford","48","18"
"1921","Justin","Anderson","24","4"
"1922","Rodney","Erdman","27","92"
"1923","Dennis","Denesik","37","2"
"1924","Roberta","Ziemann","56","67"
"1925","Gerardo","Will","45","75"
"1926","Ruth","Hammes","35","23"
"1927","Misty","Kilback","44","55"
"1928","Eunice","Glover","40","91"
"1929","Genevieve","Schneider","22","92"
"1930","Angela","Barton","38","64"
"1931","Lydia","Kunde","49","6"
"1932","Jimmie","Miller","42","50"
"1933","Kenny","Langworth","30","63"
"1934","Salvador","Medhurst","45","45"
"1935","Randolph","D'Amore","50","97"
"1936","Maureen","Bergstrom","24","67"
"1937","Shane","Rice","20","44"
"1938","Louis","Wunsch","27","44"
"1939","May","Macejkovic","39","58"
"1940","Steve","Heidenreich","47","43"
"1941","Faith","Smith","39","68"
"1942","June","Huels","56","81"
"1943","Bradford","Abbott","46","30"
"1944","Tami","Roob","31","42"
"1945","Eric","Homenick","36","37"
"1946","Jill","Schumm","49","53"
"1947","Kurt","Blick","20","32"
"1948","Isabel","Padberg","27","51"
"1949","Stella","Kuhlman","54","64"
"1950","Elsie","Rath","38","9"
"1951","Agnes","Ebert","43","14"
"1952","Bob","Romaguera","28","60"
"1953","Rachel","Abernathy","49","84"
"1954","Barbara","Schaefer","53","16"
"1955","Louis","Reilly","22","90"
"1956","Myra","Hirthe","23","98"
"1957","Sabrina","Cartwright","37","37"
"1958","Tara","Franecki","22","13"
"1959","Gerardo","Emmerich","34","6"
"1960","Ken","Halvorson","52","56"
"1961","Robin","Ernser","20","92"
"1962","Grant","Howell","60","71"
"1963","Harriet","Davis","27","98"
"1964","Alexis","Macejkovic","56","44"
"1965","Mary","Klocko","59","5"
"1966","Crystal","Watsica","35","38"
"1967","Elbert","Von","20","67"
"1968","Bryant","Gorczany","38","99"
"1969","Eula","Fahey","49","81"
"1970","Betsy","Dare","56","40"
"1971","Alvin","Weber","36","51"
"1972","Lee","Strosin","56","7"
"1973","Sherry","Gislason","29","8"
"1974","Herbert","Littel","59","59"
"1975","Lee","Terry","17","30"
"1976","Sally","Hoppe","32","6"
"1977","Benny","Donnelly-Abbott","28","61"
"1978","Antonio","Lockman","41","54"
"1979","Hilda","Howe","25","37"
"1980","Belinda","Nikolaus","38","30"
"1981","Nora","Upton","47","72"
"1982","Alonzo","Witting","46","86"
"1983","Horace","Wilkinson","41","95"
"1984","Carlos","Tremblay","34","98"
"1985","Dana","VonRueden","55","29"
"1986","Jackie","Bode","16","54"
"1987","Pedro","Nader","48","80"
"1988","Henrietta","Legros","49","87"
"1989","Terry","Bechtelar","24","53"
"1990","Dana","Murray","52","100"
"1991","Earnest","Schiller","22","59"
"1992","Sabrina","Murray","36","20"
"1993","Edward","Macejkovic","54","46"
"1994","Randy","Roob","21","21"
"1995","Alberto","Waters","50","75"
"1996","Juanita","Bruen","34","9"
"1997","Edmund","Hagenes","52","34"
"1998","Derek","Ortiz","42","20"
"1999","Rickey","Becker","22","8"
"2000","Loren","Mante","17","78"